{
  "version": "7",
  "dialect": "postgresql",
  "entries": [
    {
      "idx": 0,
      "version": "7",
      "when": 1751864961289,
      "tag": "0000_sleepy_captain_stacy",
      "breakpoints": true
    },
    {
      "idx": 1,
      "version": "7",
      "when": 1753961457804,
      "tag": "0001_dark_tarantula",
      "breakpoints": true
    },
    {
      "idx": 2,
      "version": "7",
      "when": 1754851460514,
      "tag": "0002_jittery_beyonder",
      "breakpoints": true
    }
  ]
}